local_id,local_zh,local_en,aliases_zh,aliases_en,exercise_type,movement_pattern,load_type,primary_muscles,coverage_status,strict_remote_matches,alias_remote_matches,fuzzy_candidates
barbell_back_squat,杠铃深蹲,Barbell Back Squat,深蹲|后蹲|杠铃后蹲,back squat|barbell squat,strength,squat,external_weight,quadriceps|glutes,strict_display_match,杠铃深蹲 / Barbell Squat [LEGS; BARBELL],深蹲 / Squat [LEGS; BODYWEIGHT],253:深蹲 / Squat [LEGS; BODYWEIGHT]|248:杠铃深蹲 / Barbell Squat [LEGS; BARBELL]|36:安德森深蹲 / Anderson Squat [LEGS; BARBELL]|36:单腿深蹲 / Pistol Squat [LEGS; BODYWEIGHT]|36:负重西西深蹲 / Weighted Sissy Squat [LEGS; WEIGHTED]|36:半蹲 / Half Squat [LEGS; BARBELL]|36:史密斯椅式深蹲 / Smith Chair Squat [LEGS; MACHINE]|36:杠铃限位深蹲 / Pin Squat [LEGS; BARBELL]
bodyweight_squat,徒手深蹲,Bodyweight Squat,自重深蹲|空蹲,air squat|bodyweight squat,strength,squat,bodyweight,quadriceps|glutes,candidate_review,,,141:深蹲 / Squat [LEGS; BODYWEIGHT]|71:史密斯椅式深蹲 / Smith Chair Squat [LEGS; MACHINE]|36:安德森深蹲 / Anderson Squat [LEGS; BARBELL]|36:单腿深蹲 / Pistol Squat [LEGS; BODYWEIGHT]|36:负重西西深蹲 / Weighted Sissy Squat [LEGS; WEIGHTED]|36:半蹲 / Half Squat [LEGS; BARBELL]|36:杠铃深蹲 / Barbell Squat [LEGS; BARBELL]|36:杠铃限位深蹲 / Pin Squat [LEGS; BARBELL]
smith_machine_squat,史密斯深蹲,Smith Machine Squat,史密斯机深蹲,smith squat,strength,squat,machine,quadriceps|glutes,strict_display_match,史密斯深蹲 / Smith Squat [LEGS; MACHINE],,260:史密斯深蹲 / Smith Squat [LEGS; MACHINE]|118:史密斯机深蹲至凳 / Smith Squat To Bench [LEGS; MACHINE]|94:深蹲 / Squat [LEGS; BODYWEIGHT]|48:史密斯椅式深蹲 / Smith Chair Squat [LEGS; MACHINE]|48:史密斯机保加利亚深蹲 / Bulgarian Squat Smith [LEGS; MACHINE]|48:史密斯机哈克深蹲 / Smith Hack Squat [LEGS; MACHINE]|48:史密斯机分腿蹲 / Smith Split Squat [LEGS; MACHINE]|48:史密斯机前蹲 / Smith Front Squat [LEGS; MACHINE]
leg_press,腿举,Leg Press,坐姿腿举|器械腿举,machine leg press,strength,squat,machine,quadriceps|glutes,strict_display_match,仰卧腿举 / Leg Press [LEGS; MACHINE],,183:仰卧腿举 / Leg Press [LEGS; MACHINE]|83:窄距45度腿举 / Narrow Stance 45 Degree Leg Press [LEGS; MACHINE]|83:小腿腿举 / Calf Leg Press [LEGS; MACHINE]|83:宽距腿举 / Leg Press Wide Stance [LEGS; MACHINE]|83:单腿推举 / Single Leg Press [LEGS; MACHINE]|83:史密斯机垂直腿举 / Vertical Leg Press Smith Machine [LEGS; MACHINE]|83:杠杆式水平腿举 / Lever Horizontal Leg Press [LEGS; MACHINE]|24:滑动腿弯曲 / Sliding Leg Curl [LEGS; BODYWEIGHT]
barbell_romanian_deadlift,杠铃罗马尼亚硬拉,Barbell Romanian Deadlift,罗马尼亚硬拉|杠铃RDL,barbell rdl|romanian deadlift,strength,hinge,external_weight,hamstrings|glutes,alias_match_review,,罗马尼亚硬拉 / Romanian Deadlift [GLUTEUS; BARBELL],330:罗马尼亚硬拉 / Romanian Deadlift [GLUTEUS; BARBELL]|118:单腿罗马尼亚硬拉 / Single Leg Romanian Deadlift [GLUTEUS; DUMBBELL]|118:绳索罗马尼亚硬拉 / Cable Romanian Deadlift [LEGS; MACHINE]|118:B姿势罗马尼亚硬拉 / B Stance Romanian Deadlift [LEGS; DUMBBELL]|118:哑铃罗马尼亚硬拉 / Dumbbell Romanian Deadlift [LEGS; DUMBBELL]|118:史密斯罗马尼亚硬拉 / Smith Romanian Deadlift [LEGS; MACHINE]|94:传统硬拉 / Deadlift [LEGS; BARBELL]|24:缺口硬拉 / Deficit Deadlift [LEGS; BARBELL]
dumbbell_romanian_deadlift,哑铃罗马尼亚硬拉,Dumbbell Romanian Deadlift,哑铃RDL,dumbbell rdl,strength,hinge,external_weight,hamstrings|glutes,strict_display_match,哑铃罗马尼亚硬拉 / Dumbbell Romanian Deadlift [LEGS; DUMBBELL],,236:哑铃罗马尼亚硬拉 / Dumbbell Romanian Deadlift [LEGS; DUMBBELL]|94:罗马尼亚硬拉 / Romanian Deadlift [GLUTEUS; BARBELL]|47:传统硬拉 / Deadlift [LEGS; BARBELL]|24:单腿罗马尼亚硬拉 / Single Leg Romanian Deadlift [GLUTEUS; DUMBBELL]|24:绳索罗马尼亚硬拉 / Cable Romanian Deadlift [LEGS; MACHINE]|24:B姿势罗马尼亚硬拉 / B Stance Romanian Deadlift [LEGS; DUMBBELL]|24:史密斯罗马尼亚硬拉 / Smith Romanian Deadlift [LEGS; MACHINE]
glute_bridge,臀桥,Glute Bridge,自重臀桥,bodyweight glute bridge,strength,hinge,bodyweight,glutes|hamstrings,strict_display_match,臀桥 / Hip Thrust [GLUTEUS; BARBELL]|臀桥 / Glute Bridge [GLUTEUS; BODYWEIGHT]|臀桥 / Hip Thrust [GLUTEUS; BODYWEIGHT],,295:臀桥 / Glute Bridge [GLUTEUS; BODYWEIGHT]|112:臀桥 / Hip Thrust [GLUTEUS; BARBELL]|112:臀桥 / Hip Thrust [GLUTEUS; BODYWEIGHT]|95:KAS 臀桥 / KAS Glute Bridge [GLUTEUS; BARBELL]|83:迷你弹力带臀桥 / Mini Band Glute Bridge [GLUTEUS; BODYWEIGHT]|83:负重臀桥 / Weighted Glute Bridge [GLUTEUS; BODYWEIGHT]|83:杠铃臀桥 / Barbell Glute Bridge [GLUTEUS; BARBELL]|83:仰卧臀桥在长凳上 / Glute Bridge on Bench [GLUTEUS; UNWEIGHTED]
barbell_hip_thrust,杠铃臀推,Barbell Hip Thrust,臀推|杠铃髋推,hip thrust|barbell hip thrust,strength,hinge,external_weight,glutes,alias_match_review,,臀桥 / Hip Thrust [GLUTEUS; BARBELL]|臀桥 / Hip Thrust [GLUTEUS; BODYWEIGHT],242:臀桥 / Hip Thrust [GLUTEUS; BARBELL]|242:臀桥 / Hip Thrust [GLUTEUS; BODYWEIGHT]|107:哑铃单腿臀桥 / Dumbbell Single Leg Hip Thrust [GLUTEUS; BODYWEIGHT]|107:史密斯机臀推 / Hip Thrust Smith Machine [GLUTEUS; MACHINE]|107:哑铃单腿臀桥 / Dumbbell Single Leg Hip Thrust [GLUTEUS; BODYWEIGHT]|107:史密斯机跪姿臀桥 / Smith Kneeling Hip Thrust [LEGS; MACHINE]|107:器械臀桥 / Machine Hip Thrust [GLUTEUS; MACHINE]|107:哑铃臀桥 / Dumbbell Hip Thrust [GLUTEUS; DUMBBELL]
barbell_bench_press,杠铃卧推,Barbell Bench Press,卧推|平板卧推|平板杠铃卧推,bench press|barbell bench press,strength,horizontal_push,external_weight,chest|triceps,strict_display_match,杠铃卧推 / Barbell Bench Press [CHEST; BARBELL],卧推 / Pin Bench Press [CHEST; BARBELL],418:杠铃卧推 / Barbell Bench Press [CHEST; BARBELL]|183:卧推 / Pin Bench Press [CHEST; BARBELL]|176:上斜杠铃卧推 / Incline Barbell Bench Press [CHEST; BARBELL]|176:下斜杠铃卧推 / Decline Barbell Bench Press [CHEST; BARBELL]|141:杠铃链条卧推 / Barbell Bench Press with Chains [CHEST; BARBELL]|71:低位滑轮上斜卧推 / Low Cable Incline Bench Press [CHEST; MACHINE]|71:窄握史密斯机卧推 / Close Grip Smith Bench Press [TRICEPS; MACHINE]|71:窄握上斜哑铃卧推 / Close Grip Incline Dumbbell Bench Press [TRICEPS; DUMBBELL]
dumbbell_bench_press,哑铃卧推,Dumbbell Bench Press,卧推|平板哑铃卧推,bench press|dumbbell bench press,strength,horizontal_push,external_weight,chest|triceps,strict_display_match,哑铃卧推 / Dumbbell Bench Press [CHEST; DUMBBELL],卧推 / Pin Bench Press [CHEST; BARBELL],418:哑铃卧推 / Dumbbell Bench Press [CHEST; DUMBBELL]|183:卧推 / Pin Bench Press [CHEST; BARBELL]|176:窄握上斜哑铃卧推 / Close Grip Incline Dumbbell Bench Press [TRICEPS; DUMBBELL]|176:斜面哑铃卧推 / Incline Dumbbell Bench Press [CHEST; DUMBBELL]|176:锤式握法哑铃卧推 / Hammer Grip Dumbbell Bench Press [CHEST; DUMBBELL]|176:单臂哑铃卧推 / One-Arm Dumbbell Bench Press [CHEST; DUMBBELL]|176:下斜哑铃卧推 / Decline Dumbbell Bench Press [CHEST; DUMBBELL]|71:上斜杠铃卧推 / Incline Barbell Bench Press [CHEST; BARBELL]
incline_dumbbell_bench_press,上斜哑铃卧推,Incline Dumbbell Bench Press,上斜卧推|上胸哑铃卧推,incline dumbbell press,strength,horizontal_push,external_weight,chest|front-deltoids,strict_display_match,斜面哑铃卧推 / Incline Dumbbell Bench Press [CHEST; DUMBBELL],,148:斜面哑铃卧推 / Incline Dumbbell Bench Press [CHEST; DUMBBELL]|129:哑铃卧推 / Dumbbell Bench Press [CHEST; DUMBBELL]|118:窄握上斜哑铃卧推 / Close Grip Incline Dumbbell Bench Press [TRICEPS; DUMBBELL]|83:低位滑轮上斜卧推 / Low Cable Incline Bench Press [CHEST; MACHINE]|83:单臂哑铃上斜卧推 / One-Arm Dumbbell Incline Bench Press [CHEST; DUMBBELL]|83:史密斯机上斜卧推 / Smith Incline Chest Press [CHEST; MACHINE]|59:哑铃中立握姿上斜卧推划船 / Dumbbell Neutral Grip Incline Bench Row [BACK; DUMBBELL]|59:上斜卧推绳索飞鸟 / Incline Bench Cable Fly [CHEST; MACHINE]
machine_chest_press,器械胸推,Machine Chest Press,坐姿胸推|固定器械胸推,chest press|machine chest press,strength,horizontal_push,machine,chest|triceps,strict_display_match,器械卧推 / Machine Chest Press [CHEST; MACHINE]|器械胸部推举 / Machine Chest Press [CHEST; MACHINE],,307:器械卧推 / Machine Chest Press [CHEST; MACHINE]|307:器械胸部推举 / Machine Chest Press [CHEST; MACHINE]|212:器械胸推锤式握法 / Machine Chest Press Hammer Grip [CHEST; MACHINE]|107:站立式下胸部位绳索推胸 / Standing Cable Low Chest Press [CHEST; MACHINE]|107:站立式钢索胸部推举 / Standing Cable Chest Press [CHEST; MACHINE]|107:弹力带卧推 / Band Bench Chest Press [CHEST; BAND]|107:下斜拉索胸部推举 / Decline Cable Chest Press [CHEST; MACHINE]|107:下斜卧推 / Decline Chest Press [CHEST; MACHINE]
push_up,俯卧撑,Push-up,伏地挺身,push up|pushup,strength,horizontal_push,bodyweight,chest|triceps,strict_display_match,俯卧撑 / Push-Up [CHEST; BODYWEIGHT]|俯卧撑 / Pike Push-Up [SHOULDERS; BODYWEIGHT],,460:俯卧撑 / Push-Up [CHEST; BODYWEIGHT]|265:俯卧撑 / Pike Push-Up [SHOULDERS; BODYWEIGHT]|153:反向腕屈俯卧撑 / Reverse Wrist Push-Up [CHEST; BODYWEIGHT]|153:钻石俯卧撑 / Diamond Push-Up [TRICEPS; BODYWEIGHT]|153:超人俯卧撑 / Superman Push-Up [CHEST; BODYWEIGHT]|153:交叉臂俯卧撑 / Cross Arms Push-Up [TRICEPS; BODYWEIGHT]|153:拳面俯卧撑 / Knuckle Push-Up [CHEST; BODYWEIGHT]|153:开合俯卧撑 / Jack Push-Up [CHEST; BODYWEIGHT]
dumbbell_shoulder_press,哑铃肩推,Dumbbell Shoulder Press,哑铃推举|坐姿哑铃肩推,dumbbell overhead press,strength,vertical_push,external_weight,front-deltoids|triceps,alias_match_review,,哑铃推举 / Dumbbell Push Press [SHOULDERS; DUMBBELL],136:哑铃推举 / Dumbbell Push Press [SHOULDERS; DUMBBELL]|106:站姿哑铃肩推 / Standing Dumbbell Shoulder Press [SHOULDERS; DUMBBELL]|106:坐姿哑铃推举 / Seated Dumbbell Shoulder Press [SHOULDERS; DUMBBELL]|71:单臂哑铃肩推 / One-Arm Shoulder Press Dumbbell [SHOULDERS; DUMBBELL]|71:半跪姿肩部哑铃推举 / Half Kneeling Shoulder Dumbbell Press [SHOULDERS; DUMBBELL]|59:坐姿阿诺德哑铃推举 / Seated Arnold Dumbbell Press [SHOULDERS; DUMBBELL]|36:杠铃颈后肩推举 / Barbell Behind Neck Shoulder Press [SHOULDERS; BARBELL]|36:弹力带肩推举 / Band Shoulder Press [SHOULDERS; BAND]
machine_shoulder_press,器械肩推,Machine Shoulder Press,固定器械肩推,shoulder press machine,strength,vertical_push,machine,front-deltoids|triceps,strict_display_match,器械肩推举 / Machine Shoulder Press [SHOULDERS; MACHINE],,183:器械肩推举 / Machine Shoulder Press [SHOULDERS; MACHINE]|48:杠铃颈后肩推举 / Barbell Behind Neck Shoulder Press [SHOULDERS; BARBELL]|48:弹力带肩推举 / Band Shoulder Press [SHOULDERS; BAND]|48:单臂哑铃肩推 / One-Arm Shoulder Press Dumbbell [SHOULDERS; DUMBBELL]|48:杠杆坐姿锤式握肩推举 / Lever Seated Hammer Grip Shoulder Press [SHOULDERS; MACHINE]|48:站姿哑铃肩推 / Standing Dumbbell Shoulder Press [SHOULDERS; DUMBBELL]|48:坐姿哑铃推举 / Seated Dumbbell Shoulder Press [SHOULDERS; DUMBBELL]|48:单臂地雷杠站姿肩推 / One-Arm Landmine Standing Shoulder Press [SHOULDERS; BARBELL]
landmine_press,地雷管推举,Landmine Press,地雷管肩推,landmine shoulder press,strength,vertical_push,external_weight,front-deltoids|triceps,strict_display_match,地雷杠铃推举 / Landmine Press [SHOULDERS; BARBELL],,148:地雷杠铃推举 / Landmine Press [SHOULDERS; BARBELL]|60:单臂地雷杠站姿肩推 / One-Arm Landmine Standing Shoulder Press [SHOULDERS; BARBELL]|60:单臂地雷半跪姿肩推 / One-Arm Landmine Half Kneeling Shoulder Press [SHOULDERS; BARBELL]|36:杠铃颈后肩推举 / Barbell Behind Neck Shoulder Press [SHOULDERS; BARBELL]|36:弹力带肩推举 / Band Shoulder Press [SHOULDERS; BAND]|36:单臂哑铃肩推 / One-Arm Shoulder Press Dumbbell [SHOULDERS; DUMBBELL]|36:杠杆坐姿锤式握肩推举 / Lever Seated Hammer Grip Shoulder Press [SHOULDERS; MACHINE]|36:站姿哑铃肩推 / Standing Dumbbell Shoulder Press [SHOULDERS; DUMBBELL]
seated_cable_row,坐姿绳索划船,Seated Cable Row,绳索划船|坐姿划船|划船,cable row|seated row,strength,horizontal_pull,machine,upper-back|biceps,strict_display_match,坐姿划船 / Seated Cable Row [BACK; MACHINE],,283:坐姿划船 / Seated Cable Row [BACK; MACHINE]|141:坐姿绳索划船中立握姿 / Cable Seated Row Neutral Grip [BACK; MACHINE]|106:单臂低位拉索坐姿划船 / One-Arm Low Cable Seated Row [BACK; MACHINE]|106:单臂坐姿划船 / One-Arm Seated Row [BACK; MACHINE]|71:单臂拉力器划船 / One-Arm Cable Row [BACK; MACHINE]|71:坐姿下拉绳索划船中立握姿 / Seated Cable Low Row Neutral Grip [BACK; MACHINE]|36:单臂哑铃俯身肩胛骨划船 / One-Arm Dumbbell Bent Over Scapula Row [BACK; DUMBBELL]|36:杠铃划船 / Barbell Bent Over Row [BACK; BARBELL]
machine_row,器械划船,Machine Row,划船|固定器械划船,machine row,strength,horizontal_pull,machine,upper-back|biceps,candidate_review,,,129:胸部支撑器械划船 / Chest Supported Machine Row [BACK; MACHINE]|24:单臂哑铃俯身肩胛骨划船 / One-Arm Dumbbell Bent Over Scapula Row [BACK; DUMBBELL]|24:杠铃划船 / Barbell Bent Over Row [BACK; BARBELL]|24:单臂下拉绳低位划船 / One-Arm Cable Low Row [BACK; MACHINE]|24:坐姿绳索宽握划船 / Seated Cable Wide Grip Row [BACK; MACHINE]|24:坐姿划船 / Seated Cable Row [BACK; MACHINE]|24:悬挂划船 / Suspension Row [BACK; BODYWEIGHT]|24:杠铃俯身划船（从支架开始） / Barbell Bent Over Row From Pin [BACK; BARBELL]
one_arm_dumbbell_row,单臂哑铃划船,One-arm Dumbbell Row,哑铃单臂划船,one arm dumbbell row,strength,horizontal_pull,external_weight,upper-back|biceps,strict_display_match,单臂哑铃划船 / Dumbbell Bent Over Row [BACK; DUMBBELL],,136:单臂哑铃划船 / Dumbbell Bent Over Row [BACK; DUMBBELL]|24:单臂哑铃俯身肩胛骨划船 / One-Arm Dumbbell Bent Over Scapula Row [BACK; DUMBBELL]|24:杠铃划船 / Barbell Bent Over Row [BACK; BARBELL]|24:单臂下拉绳低位划船 / One-Arm Cable Low Row [BACK; MACHINE]|24:坐姿绳索宽握划船 / Seated Cable Wide Grip Row [BACK; MACHINE]|24:坐姿划船 / Seated Cable Row [BACK; MACHINE]|24:悬挂划船 / Suspension Row [BACK; BODYWEIGHT]|24:杠铃俯身划船（从支架开始） / Barbell Bent Over Row From Pin [BACK; BARBELL]
lat_pulldown,高位下拉,Lat Pulldown,背阔肌下拉|坐姿下拉,lat pull down|lat pulldown,strength,vertical_pull,machine,upper-back|biceps,candidate_review,,,200:单臂背阔肌下拉 / One-Arm Lat Pulldown [BACK; MACHINE]|200:绳索直臂背阔肌下拉 / Rope Straight-Arm Lat Pulldown [BACK; MACHINE]|200:弹力带俯身背阔肌下拉 / Band Bent Over Lat Pulldown [BACK; BAND]|200:单臂钢索半跪姿背阔肌下拉 / One-Arm Cable Half-Kneeling Lat Pulldown [BACK; MACHINE]|200:单臂弹力带跪姿背阔肌下拉 / One-Arm Band Kneeling Lat Pulldown [BACK; BAND]|200:绳索窄握背阔肌下拉 / Cable Close Grip Lat Pulldown [BACK; MACHINE]|200:坐姿下拉机 / Lat Pulldown Machine [BACK; MACHINE]|200:直臂背阔肌下拉 / Straight-Arm Lat Pulldown [BACK; MACHINE]
assisted_pull_up,辅助引体向上,Assisted Pull-up,辅助引体,assisted pull up,strength,vertical_pull,assisted_bodyweight,upper-back|biceps,strict_display_match,辅助引体向上 / Assisted Pull-Up [BACK; ASSISTED_WEIGHT],,419:辅助引体向上 / Assisted Pull-Up [BACK; ASSISTED_WEIGHT]|212:弹力带辅助引体向上 / Band Assisted Pull Up [BACK; BAND]|153:引体向上 / Pull-Up [BACK; BODYWEIGHT]|59:引体向上 / Chin-Up [BACK; BODYWEIGHT]|48:负重引体向上 / Weighted Pull-Up [BACK; BODYWEIGHT]|48:窄握引体向上 / Close Grip Pull Up [BACK; BODYWEIGHT]|48:宽握背部引体向上 / Wide Grip Rear Pull-Up [BACK; BODYWEIGHT]|48:宽握引体向上 / Pull-Up Wide Grip [BACK; BODYWEIGHT]
pull_up,引体向上,Pull-up,正手引体,pull up|pullup,strength,vertical_pull,bodyweight,upper-back|biceps,strict_display_match,引体向上 / Pull-Up [BACK; BODYWEIGHT]|引体向上 / Chin-Up [BACK; BODYWEIGHT],,460:引体向上 / Pull-Up [BACK; BODYWEIGHT]|188:负重引体向上 / Weighted Pull-Up [BACK; BODYWEIGHT]|188:窄握引体向上 / Close Grip Pull Up [BACK; BODYWEIGHT]|188:宽握背部引体向上 / Wide Grip Rear Pull-Up [BACK; BODYWEIGHT]|188:宽握引体向上 / Pull-Up Wide Grip [BACK; BODYWEIGHT]|188:正面水平悬垂引体向上 / Front Lever Pull-Up [BACK; BODYWEIGHT]|188:L型引体向上 / L Pull-Up [BACK; BODYWEIGHT]|188:反握澳式引体向上 / Australian Pull-Up Underhand Grip [BACK; BODYWEIGHT]
reverse_lunge,反向弓步,Reverse Lunge,后撤弓步,reverse lunge,strength,lunge,bodyweight,quadriceps|glutes,candidate_review,,,153:哑铃台阶反向弓步 / Dumbbell Reverse Lunge off Step [GLUTEUS; DUMBBELL]|129:杠铃反向弓步蹲 / Barbell Reverse Lunges [LEGS; BARBELL]|24:反向腕屈俯卧撑 / Reverse Wrist Push-Up [CHEST; BODYWEIGHT]|24:反握下拉绳三头肌推压 / Triceps Cable Pushdown Reverse Grip [TRICEPS; MACHINE]|24:EZ杠坐姿反向腕弯举 / EZ-Bar Seated Reverse Wrist Curl [FOREARMS; BARBELL]|24:弓步拉伸 / Lunge Stretch [LEGS; UNWEIGHTED]|24:杠铃台阶后弓步 / Barbell Rear Lunge On Step [GLUTEUS; BARBELL]|24:器械反向飞鸟 / Machine Reverse Flyes [SHOULDERS; MACHINE]
walking_lunge,行走弓步,Walking Lunge,箭步走,walking lunge,strength,lunge,bodyweight,quadriceps|glutes,candidate_review,,,129:保加利亚包行走弓步 / Bulgarian Bag Walking Lunges [LEGS; WEIGHTED]|129:行走弓步蹲 / Walking Lunges [LEGS; BODYWEIGHT]|94:哑铃箭步蹲 / Barbell Walking Lunges [LEGS; BARBELL]|94:哑铃箭步蹲 / Dumbbell Walking Lunges [LEGS; DUMBBELL]|24:哑铃台阶反向弓步 / Dumbbell Reverse Lunge off Step [GLUTEUS; DUMBBELL]|24:弓步拉伸 / Lunge Stretch [LEGS; UNWEIGHTED]|24:杠铃台阶后弓步 / Barbell Rear Lunge On Step [GLUTEUS; BARBELL]|24:壶铃后弓步 / Kettlebell Rear Lunge [LEGS; WEIGHTED]
bulgarian_split_squat,保加利亚分腿蹲,Bulgarian Split Squat,保加利亚蹲,bulgarian split squat,strength,lunge,bodyweight,quadriceps|glutes,candidate_review,,,118:分腿蹲 / Split Squat [LEGS; BODYWEIGHT]|94:深蹲 / Squat [LEGS; BODYWEIGHT]|48:哑铃分腿蹲 / Dumbbell Split Squat [LEGS; DUMBBELL]|48:前脚抬高分腿蹲 / Split Squat Front Foot Elevated [LEGS; BODYWEIGHT]|48:前脚抬高分腿蹲 / Split Squat Front Foot Elevated [GLUTEUS; BARBELL]|48:史密斯机保加利亚深蹲 / Bulgarian Squat Smith [LEGS; MACHINE]|48:史密斯机分腿蹲 / Smith Split Squat [LEGS; MACHINE]|48:杠铃分腿蹲 / Barbell Split Squat [LEGS; BARBELL]
plank,平板支撑,Plank,俯撑|平板撑,plank,strength,core,bodyweight,abs,strict_display_match,平板支撑 / Plank [ABS; BODYWEIGHT],,336:平板支撑 / Plank [ABS; BODYWEIGHT]|129:负重平板支撑 / Weighted Plank [ABS; WEIGHTED]|129:瑞士球平板支撑 / Swiss Ball Plank [ABS; BODYWEIGHT]|129:锯式平板支撑 / Saw Plank [ABS; BODYWEIGHT]|129:熊式平板支撑 / Bear Plank [ABS; BODYWEIGHT]|129:鸟狗平板支撑 / Bird Dog Plank [SHOULDERS; BODYWEIGHT]|94:侧板式髋外展 / Side Plank Hip Abduction [GLUTEUS; BODYWEIGHT]|94:侧支撑 / Side Plank [ABS; BODYWEIGHT]
dead_bug,死虫,Dead Bug,死虫式,dead bug,strength,core,none,abs,strict_display_match,仰卧交替抬腿腹部练习 / Dead Bug [ABS; BODYWEIGHT],,248:仰卧交替抬腿腹部练习 / Dead Bug [ABS; BODYWEIGHT]|118:负重仰卧交替抬腿 / Weighted Dead Bug [ABS; WEIGHTED]|118:健身球仰卧抬腿 / Dead Bug with Ball [ABS; WEIGHTED]|24:悬垂 / Dead Hang [FOREARMS; BODYWEIGHT]
crunch,卷腹,Crunch,仰卧卷腹,abdominal crunch,strength,core,bodyweight,abs,alias_match_review,,仰卧卷腹 / Abdominal Crunches [ABS; BODYWEIGHT],194:仰卧卷腹 / Abdominal Crunches [ABS; BODYWEIGHT]|94:器械仰卧卷腹 / Machine Lying Crunch [ABS; UNWEIGHTED]|82:器械腹部卷曲 / Machine Abdominal Crunches [ABS; MACHINE]|70:负重仰卧卷腹 / Weighted Ab Crunches [ABS; WEIGHTED]|59:屈膝卷腹 / Knee Tuck Crunch [ABS; BODYWEIGHT]|59:负重下斜卷腹 / Weighted Decline Crunch [ABS; BODYWEIGHT]|59:负重直臂卷腹 / Weighted Straight Arm Crunch [ABS; WEIGHTED]|59:绳索跪姿侧向卷腹 / Cable Kneeling Side Crunch [ABS; MACHINE]
pallof_press,Pallof Press,Pallof Press,抗旋转推|绳索抗旋转,pallof press,strength,core,machine,obliques|abs,candidate_review,,,212:弹力带帕洛夫抗旋转推举 / Band Pallof Press [ABS; BAND]|177:低位滑轮水平帕洛夫推举 / Low Cable Horizontal Pallof Press [ABS; MACHINE]|177:钢索水平帕洛夫推举 / Cable Horizontal Pallof Press [ABS; MACHINE]|36:杠铃颈后肩推举 / Barbell Behind Neck Shoulder Press [SHOULDERS; BARBELL]|36:哑铃推举 / Dumbbell Push Press [SHOULDERS; DUMBBELL]|36:弹力带肩推举 / Band Shoulder Press [SHOULDERS; BAND]|36:杠铃地板卧推 / Barbell Floor Press [CHEST; BARBELL]|36:窄距45度腿举 / Narrow Stance 45 Degree Leg Press [LEGS; MACHINE]
farmer_carry,农夫行走,Farmer Carry,农夫走|双手农夫行走,farmer walk|farmer carry,strength,carry,external_weight,forearms|abs,strict_display_match,农夫行走 / Farmer Walk [FOREARMS; DUMBBELL],,295:农夫行走 / Farmer Walk [FOREARMS; DUMBBELL]|165:哑铃农夫行走 / Dumbbell Farmer Carry [FOREARMS; DUMBBELL]|118:单侧农夫行走 / Unilateral Farmer Walk [FOREARMS; DUMBBELL]|118:单侧农夫行走 / Unilateral Farmer Walk [FOREARMS; DUMBBELL]
suitcase_carry,单侧农夫行走,Suitcase Carry,单手农夫行走,suitcase carry,strength,carry,external_weight,obliques|forearms,strict_display_match,单侧农夫行走 / Unilateral Farmer Walk [FOREARMS; DUMBBELL]|单侧农夫行走 / Unilateral Farmer Walk [FOREARMS; DUMBBELL],,112:单侧农夫行走 / Unilateral Farmer Walk [FOREARMS; DUMBBELL]|112:单侧农夫行走 / Unilateral Farmer Walk [FOREARMS; DUMBBELL]|70:农夫行走 / Farmer Walk [FOREARMS; DUMBBELL]|24:哑铃农夫行走 / Dumbbell Farmer Carry [FOREARMS; DUMBBELL]
band_external_rotation,弹力带肩外旋,Band External Rotation,肩外旋|弹力带外旋,band external rotation,other,mobility,none,back-deltoids,candidate_review,,,48:坐姿肩外旋 / Seated Shoulder External Rotation [SHOULDERS; DUMBBELL]|24:弹力带肱二头肌弯举 / Band Biceps Curl [BICEPS; BAND]|24:弹力带肩推举 / Band Shoulder Press [SHOULDERS; BAND]|24:跪姿弹力带臀部后踢 / Kneeling Resistance Band Glute Kickback [GLUTEUS; BAND]|24:弹力带站姿侧弯 / Band Standing Side Bend [ABS; BAND]|24:弹力带站姿扭转卷腹 / Band Standing Twisting Crunches [ABS; BAND]|24:迷你弹力带臀桥 / Mini Band Glute Bridge [GLUTEUS; BODYWEIGHT]|24:弹力带帕洛夫抗旋转推举 / Band Pallof Press [ABS; BAND]
scapular_push_up,肩胛俯卧撑,Scapular Push-up,肩胛撑,scapular pushup,other,mobility,bodyweight,upper-back,candidate_review,,,94:俯卧撑 / Push-Up [CHEST; BODYWEIGHT]|24:反向腕屈俯卧撑 / Reverse Wrist Push-Up [CHEST; BODYWEIGHT]|24:钻石俯卧撑 / Diamond Push-Up [TRICEPS; BODYWEIGHT]|24:超人俯卧撑 / Superman Push-Up [CHEST; BODYWEIGHT]|24:交叉臂俯卧撑 / Cross Arms Push-Up [TRICEPS; BODYWEIGHT]|24:拳面俯卧撑 / Knuckle Push-Up [CHEST; BODYWEIGHT]|24:开合俯卧撑 / Jack Push-Up [CHEST; BODYWEIGHT]|24:跪姿窄距俯卧撑 / Knee Close Grip Push-Up [TRICEPS; BODYWEIGHT]
cat_cow,猫牛式,Cat-cow,猫牛伸展,cat cow,flexibility,mobility,none,lower-back|upper-back,strict_display_match,猫牛式 / Cat Cow [ABS; UNWEIGHTED],,360:猫牛式 / Cat Cow [ABS; UNWEIGHTED]
thoracic_rotation,胸椎旋转,Thoracic Rotation,开书式|胸椎活动,thoracic rotation|open book,flexibility,mobility,none,upper-back,candidate_review,,,24:哑铃古巴旋转 / Dumbbell Cuban Rotation [SHOULDERS; DUMBBELL]|24:壶铃头部环绕旋转 / Kettlebell Around the Head Rotation [SHOULDERS; WEIGHTED]|24:坐姿肩外旋 / Seated Shoulder External Rotation [SHOULDERS; DUMBBELL]|24:跪姿背部旋转拉伸 / Kneeling Back Rotation Stretch [CHEST; UNWEIGHTED]|24:坐姿器械躯干旋转 / Seated Machine Trunk Rotation [ABS; BODYWEIGHT]|24:自下而上旋转 / Bottom up rotation [ABS; BODYWEIGHT]
hip_flexor_stretch,跪姿髋屈肌拉伸,Kneeling Hip Flexor Stretch,髋屈肌拉伸,hip flexor stretch,flexibility,mobility,none,quadriceps,candidate_review,,,24:摇摆半蛙式拉伸 / Rocking Half Frog Stretch [LEGS; UNWEIGHTED]|24:坐姿单腿腘绳肌拉伸 / Seated Single Leg Hamstring Stretch [LEGS; UNWEIGHTED]|24:哑铃单腿臀桥 / Dumbbell Single Leg Hip Thrust [GLUTEUS; BODYWEIGHT]|24:坐姿髋内收 / Seated Hip Adduction [LEGS; MACHINE]|24:钢索髋关节外展 / Cable Hip Abducction [GLUTEUS; MACHINE]|24:屈膝抱胸伸展 / Knee To Chest Stretch [LEGS; UNWEIGHTED]|24:仰卧股四头肌拉伸 / Lying Quadriceps Stretch [LEGS; UNWEIGHTED]|24:颈部侧向拉伸 / Neck Side Stretch [BACK; UNWEIGHTED]
chest_stretch,胸大肌拉伸,Chest Stretch,胸部拉伸,chest stretch|pec stretch,flexibility,mobility,none,chest,candidate_review,,,165:门框胸部拉伸 / Doorway Chest Stretch [CHEST; UNWEIGHTED]|165:肘外胸部拉伸 / Elbow Out Chest Stretch [CHEST; UNWEIGHTED]|165:屈臂胸部拉伸 / Bent Arm Chest Stretch [CHEST; UNWEIGHTED]|130:屈膝抱胸伸展 / Knee To Chest Stretch [LEGS; UNWEIGHTED]|130:仰卧屈膝抱胸拉伸 / Lying Knee To Chest Stretch [GLUTEUS; UNWEIGHTED]|36:摇摆半蛙式拉伸 / Rocking Half Frog Stretch [LEGS; UNWEIGHTED]|36:坐姿单腿腘绳肌拉伸 / Seated Single Leg Hamstring Stretch [LEGS; UNWEIGHTED]|36:仰卧股四头肌拉伸 / Lying Quadriceps Stretch [LEGS; UNWEIGHTED]
hamstring_stretch,腘绳肌拉伸,Hamstring Stretch,大腿后侧拉伸,hamstring stretch,flexibility,mobility,none,hamstrings,candidate_review,,,153:坐姿单腿腘绳肌拉伸 / Seated Single Leg Hamstring Stretch [LEGS; UNWEIGHTED]|153:跪姿腘绳肌拉伸 / Kneeling Hamstring Stretch [LEGS; UNWEIGHTED]|24:摇摆半蛙式拉伸 / Rocking Half Frog Stretch [LEGS; UNWEIGHTED]|24:屈膝抱胸伸展 / Knee To Chest Stretch [LEGS; UNWEIGHTED]|24:仰卧股四头肌拉伸 / Lying Quadriceps Stretch [LEGS; UNWEIGHTED]|24:颈部侧向拉伸 / Neck Side Stretch [BACK; UNWEIGHTED]|24:站立股四头肌拉伸 / Standing Quadriceps Stretch [LEGS; UNWEIGHTED]|24:北欧腘绳肌弯曲 / Nordic Hamstring Curl [LEGS; UNWEIGHTED]
calf_stretch,小腿拉伸,Calf Stretch,腓肠肌拉伸,calf stretch,flexibility,mobility,none,calves,candidate_review,,,24:摇摆半蛙式拉伸 / Rocking Half Frog Stretch [LEGS; UNWEIGHTED]|24:杠铃提踵 / Barbell Calf Raise [LEGS; BARBELL]|24:坐姿单腿腘绳肌拉伸 / Seated Single Leg Hamstring Stretch [LEGS; UNWEIGHTED]|24:负重坐姿提踵 / Weighted Seated Calf Raise [LEGS; WEIGHTED]|24:小腿腿举 / Calf Leg Press [LEGS; MACHINE]|24:单腿哑铃提踵 / Single-Leg Calf Raise with Dumbbell [LEGS; BODYWEIGHT]|24:屈膝抱胸伸展 / Knee To Chest Stretch [LEGS; UNWEIGHTED]|24:仰卧股四头肌拉伸 / Lying Quadriceps Stretch [LEGS; UNWEIGHTED]
breathing_reset,仰卧腹式呼吸,Supine Diaphragmatic Breathing,腹式呼吸|仰卧呼吸,diaphragmatic breathing,other,mobility,none,abs,not_found,,,
easy_bike,轻松单车,Easy Bike,单车热身|轻松骑车,stationary bike|easy bike,cardio,mobility,machine,quadriceps|calves,candidate_review,,,36:固定式自行车 / Stacionary Bike [LEGS; BODYWEIGHT]|36:站立式空中自行车 / Standing Air Bike [ABS; UNWEIGHTED]|36:空中自行车 / Air Bike [ABS; BODYWEIGHT]|36:风阻自行车 / Assault Air Bike [LEGS; BODYWEIGHT]
easy_rower,轻松划船机,Easy Rower,划船机热身,rowing machine|rower warmup,cardio,mobility,machine,upper-back|quadriceps,alias_match_review,,划船机 / Rowing Machine [BACK; UNWEIGHTED],112:划船机 / Rowing Machine [BACK; UNWEIGHTED]
brisk_walk,快走,Brisk Walk,走步热身,brisk walking|treadmill walk,cardio,mobility,bodyweight,calves|quadriceps,candidate_review,,,24:农夫行走 / Farmer Walk [FOREARMS; DUMBBELL]|24:单侧农夫行走 / Unilateral Farmer Walk [FOREARMS; DUMBBELL]|24:前向弹力带怪兽行走 / Forward Band Monster Walk [LEGS; BAND]|24:侧向怪兽步行 / Lateral Monster Walk [GLUTEUS; BAND]|24:单侧农夫行走 / Unilateral Farmer Walk [FOREARMS; DUMBBELL]